match_id,date,group,team_a,team_b,final_score_a,final_score_b,outcome,pre_p_team_a_win,pre_p_draw,pre_p_team_b_win,pre_bet_pick,pre_bet_stake_usd,pre_reasoning,pre_key_sources,t30_p_team_a_win,t30_p_draw,t30_p_team_b_win,t30_bet_pick,t30_bet_stake_usd,t30_reasoning,t30_key_sources,refl_outcome_vs_prediction,refl_was_well_calibrated,refl_luck,refl_key_factor_missed,refl_key_factor_overweighted,refl_counterfactual,refl_would_bet_differently,refl_confidence,_parse_issue,file_order
m01,2026-06-11,A,Mexico,South Africa,2,0,team_a_win,0.68,0.22,0.1,team_a_win,100,"Javier Aguirre's possession-based system and tactically disciplined low-block will likely neutralize South Africa's transitional threats. Furthermore, the extreme altitude of Estadio Azteca provides an unparalleled physiological advantage for El Tri against a Bafana Bafana squad largely tied to the domestic PSL. Factoring in Mexico's formidable defensive record and a -240 moneyline, backing the host nation provides the most statistically and structurally sound expected value.",https://www.foxsports.com/stories/soccer/world-cup-day-1-best-bets-mexico-south-africa | https://www.fifa.com/en/articles/mexico-south-africa-preview-live-stream-team-news-tickets | https://www.thesouthafrican.com/sport/soccer/mexico-vs-bafana-bafana-date-kickoff-time-2026-world-cup-opener/,0.72,0.2,0.08,team_a_win,100.0,"While popular consensus overstates Azteca's altitude as a fatal physical barrier, clinical data shows only a 3-5% sprint velocity reduction for acclimatized players at 77 kPa atmospheric pressure. My view has shifted slightly in Mexico's favor because their official 4-1-4-1 lineup, featuring Álvaro Fidalgo in an advanced role, is structurally optimized to force South Africa's 5-3-2 low block into relentless lateral shifts. This specific tactical friction will mathematically compound Bafana Bafana's marginal aerobic deficit in the second half, offering exceptional expected value on the hosts.",https://pmc.ncbi.nlm.nih.gov/articles/PMC10828377/ | https://football.dhgate.com/lifestyle/mexico-city-altitude-is-it-really-worse-than-denver-world-cup-edition/ | https://www.foxsports.com/stories/soccer/how-watch-2026-fifa-world-cup-full-schedule-dates-every-match,,,,,,,,,,0
m02,2026-06-11,A,Korea Republic,Czechia,2,1,team_a_win,0.45,0.3,0.25,team_a_win,100,"South Korea boasts a superior roster featuring world-class talent like Son Heung-Min, Kim Min-Jae, and Lee Kang-In, reflected in their higher FIFA ranking (25th vs 41st). While Czechia enters with solid unbeaten form in recent pre-tournament friendlies, the Taegeuk Warriors' top-tier experience gives them a distinct edge in this Group A opener. Allocating the full $100 budget to a South Korea win maximizes value given their clear squad advantages.",https://www.mlssoccer.com/news/2026-fifa-world-cup-group-a-preview-mexico-south-africa-south-korea-czechia | https://www.foxsports.com/stories/soccer/world-cup-match-day-1-mexico-south-africa-south-korea-czechia,0.36,0.33,0.31,draw,100.0,"My view has shifted due to late reports detailing South Korea's disjointed shift to a 3-4-3 formation and key player form issues, which leaves them highly vulnerable to Czechia's dominant set-piece and aerial threats. Oddsmakers have tightened the lines significantly, and given the defensive, low-scoring tactical profiles of both squads, a draw now presents the most mathematically sound betting value.",https://www.theguardian.com/football/2026/may/28/south-korea-world-cup-2026-team-guide-soccer | https://www.foxsports.com/stories/soccer/2026-world-cup-south-korea-czechia-odds-predictions-picks | https://www.fanduel.com/research/south-korea-vs-czechia-prediction-world-cup-2026-who-will-score-first-goal-in-tonight-match,partially_correct,False,neither,the individual quality and resilience of South Korea's star players to overcome their tactical adjustments,last-minute pre-match reports regarding formation changes and shifting market odds,"If South Korea's elite attackers had failed to break through Czechia's physical defensive structure, the match would have likely ended in the low-scoring draw I projected at T-30min.","yes, I would maintain my original T-24h bet on a South Korea win and avoid overreacting to late-breaking tactical noise.",0.95,,1
m03,2026-06-12,D,USA,Paraguay,4,1,team_a_win,0.55,0.28,0.17,team_a_win,100,"The United States enters this opening Group D match with significant home-field advantage in Los Angeles and the confidence of a recent 2-1 friendly victory over Paraguay in November 2025. While Paraguay boasts a resilient defense forged in CONMEBOL qualifying, the USMNT's attacking depth and the intense home crowd support make them the statistical favorites. Backing the USA to secure three points is the most structurally sound choice given their historically strong performance metrics on domestic soil.",https://www.fifa.com/en/tournaments/mens/worldcup/canadamexicousa2026/articles/match-schedule-fixtures-results-teams-stadiums | https://www.foxsports.com/stories/soccer/how-watch-2026-fifa-world-cup-full-schedule-dates-every-match,,,,,,,,,,,,,,,,duplicate block merged (file_order 3),2
m04,2026-06-12,B,Canada,Bosnia and Herzegovina,1,1,draw,0.38,0.35,0.27,draw,100,"While Canada benefits from an electric home atmosphere at Toronto Stadium, the loss of captain Alphonso Davies to a hamstring injury forces Jesse Marsch to drastically alter his transitional tactics against a battle-hardened Bosnian side. Bosnia arrives highly resilient after a dramatic playoff run, relying on the veteran savvy of Edin Dzeko and a compact defensive shape led by Sead Kolasinac to absorb pressure. Given Canada's historic World Cup winless streak and the immense psychological weight of an opening home match, a tactical stalemate presents the most analytically sound value.",https://www.fifa.com/en/match-centre/match/17/285023/289273/400021449?date=2026-06-12 | https://www.aninews.in/news/sports/football/fifa-world-cup-canada-aim-for-dream-start-as-bosnia-and-herzegovina-seek-to-upset-co-hosts-in-toronto20260612085603 | https://www.concacaf.com/competitions/fifa-world-cup/news/canada-hosts-bosnia-and-herzegovina-in-world-cup-2026,,,,,,,,correct,True,neither,Canada's ability to generate alternative attacking threats to score despite the absence of Alphonso Davies.,none,"If Alphonso Davies had been fit to play, Canada's superior transitional speed likely would have broken the deadlock to secure a narrow home victory.","No, because wagering on a draw offered the highest analytical value given the expected tactical stalemate, and the 1-1 result vindicated that strategy.",0.95,,4
m05,2026-06-13,B,Qatar,Switzerland,1,1,draw,0.08,0.17,0.75,team_b_win,100,"While Qatar will likely employ a low-block defensive structure to frustrate their opponents, Switzerland's tactical versatility under Murat Yakin—specifically their successful integration of a 3-4-3 system with Denis Zakaria aggressively overlapping—should effectively stretch the Qatari shape. Switzerland's superior midfield pivot of Xhaka and Freuler will dominate possession and easily exploit the transition vulnerabilities Qatar recently displayed in scoreless and winless friendlies against El Salvador and Ireland. Therefore, a full-stake bet on a dominant Swiss victory offers robust value given the stark disparity in both individual quality and collective tactical execution.",https://www.theguardian.com/football/2026/may/29/switzerland-world-cup-2026-team-guide | https://www.fifa.com/en/tournaments/mens/worldcup/canadamexicousa2026/articles/switzerland-squad-announcement-murat-yakin | https://levisstadium.com/event/fifa-world-cup-group-stage-2026-06-13/,,,,,,,,incorrect,True,unlucky,The persistent resilience of Qatar's low-block defensive structure in preventing a multi-goal deficit despite facing overwhelming possession.,Switzerland's attacking ruthlessness and ability to efficiently translate midfield dominance into actual goal conversions.,"If Switzerland had converted their possession superiority into a two-goal cushion, Qatar would have been forced to abandon their defensive low-block, likely ensuring a Swiss victory.","no, backing a heavily favored team with a clear tactical and talent advantage remains a positive expected value decision despite the variance of a single draw.",0.85,,5
m06,2026-06-13,C,Brazil,Morocco,1,1,draw,0.45,0.35,0.2,draw,40,"While public sentiment overwhelmingly favors Brazil, Morocco's elite defensive organization under Walid Regragui and their recent 1-1 draw against a strong Norway squad demonstrate their sustained ability to neutralize top-tier attacking talent. Furthermore, Morocco's 2-1 victory over Brazil in 2023, coupled with Brazil's narrow 2-1 friendly win against Egypt last week, exposes lingering vulnerabilities in Brazil's ability to dismantle disciplined low blocks. Consequently, backing a tactical draw offers significantly higher expected value than a conventional Brazil win for this opening Group C fixture.",https://support.google.com/knowledgepanel/answer/9787176 | https://www.metlifestadium.com/events/detail/fifa-world-cup-2026-brazil-vs-morocco,,,,,,,,correct,True,neither,none,none,"If Brazil had managed to score an early goal and disrupt Morocco's disciplined defensive shape, the match likely would have opened up into a decisive Brazilian victory.","no, the pre-match tactical reasoning accurately identified the high expected value in backing a draw against the public consensus.",0.95,,6
m07,2026-06-13,C,Haiti,Scotland,0,1,team_b_win,0.16,0.23,0.61,team_b_win,100,"Scotland boasts a significantly more experienced squad featuring top-flight European talent like Andy Robertson and Scott McTominay, whereas Haiti is making its first World Cup appearance in 52 years. Furthermore, Scotland enters the tournament in excellent form, having outscored their opponents 8-1 in recent friendlies. Despite the anticipated heavy crowd support for Haiti from the local diaspora in Boston, Scotland's tactical superiority and depth make them the highly probable winner.",https://www.foxsports.com/stories/soccer/2026-world-cup-scotland-haiti-odds-predictions-picks | https://www.hindustantimes.com/sports/others/haiti-at-the-world-cup-is-more-than-an-underdog-tale-it-is-the-story-of-global-migration-101781238678482.html,,,,,,,,correct,True,neither,Haiti's defensive organization and resilience in a low block,Scotland's recent high-scoring offensive form in pre-tournament friendlies,"If Haiti had capitalized on a late counter-attack opportunity, the match would have ended in a draw.","no, because backing Scotland's superior technical quality was the correct value decision, even if the final margin was narrow.",0.95,,7
m08,2026-06-13,D,Australia,Türkiye,2,0,team_a_win,0.2,0.28,0.52,team_b_win,40,"Türkiye enters the match with significant momentum and a deeper pool of top-flight European talent, anchored by dynamic playmakers like Arda Güler. In contrast, Australia is fielding a heavily retooled squad under Tony Popovic that includes 17 World Cup debutants, which may leave them vulnerable on the game's biggest stage. Backing a Türkiye victory offers the best value given their structural and experiential advantages.",https://www.theguardian.com/sport/2026/jun/12/world-cup-football-and-t20-cricket-galore-plus-f1-in-barcelona-follow-with-us | https://socceroos.com.au/match/australia-v-turkiye-fifa-world-cuptm-2026-15-06-2026/22278773 | https://www.aljazeera.com/sports/2026/6/11/world-cup-2026-full-match-schedule-groups-teams-and-start-times,,,,,,,,incorrect,False,neither,Australia's tactical cohesion and defensive discipline under Tony Popovic despite their squad's lack of tournament experience.,Türkiye's individual talent pool and recent European momentum relative to their collective tournament readiness.,"If Türkiye had converted an early chance to break Australia's defensive block, the match might have opened up to favor their attacking playmakers.","Yes, I would pass on the bet or heavily adjust the probabilities to account for Australia's structural resilience on home soil.",0.9,,8
m09,2026-06-14,E,Germany,Curaçao,7,1,team_a_win,0.88,0.09,0.03,team_a_win,100,"Germany enters this Group E opener with overwhelming structural advantages, including elite player valuations, tactical maturity, and a robust track record in high-stakes World Cup environments. While Curaçao's unprecedented qualification demonstrates impressive regional progress, the vast disparity in top-flight international experience heavily concentrates the probabilistic outcome on a German victory, making a maximum stake the most mathematically sound position.",https://www.fifa.com/en/articles/match-schedule-fixtures-results-teams-stadiums | https://www.nrgpark.com/event/germany-vs-curacao/ | https://mashable.com/entertainment/fifa-world-cup-schedule-today-kickoff-livestream-june-14,,,,,,,,correct,True,neither,none,none,"Even if Curaçao had adopted a purely defensive low-block strategy to limit the scoreline, the structural disparity in talent was so immense that a German victory would have remained the inevitable outcome.","no, placing the maximum stake on a fundamentally sound, extremely high-probability outcome was validated by the match reality.",0.95,,9
m10,2026-06-14,F,Netherlands,Japan,2,2,draw,0.42,0.31,0.27,draw,40,"Despite the traditional prestige of the Netherlands, their recent pre-tournament form exposes defensive vulnerabilities, having failed to keep a clean sheet in their last four matches including a loss to Algeria. Japan has demonstrated elite tactical discipline by recently securing three consecutive 1-0 victories against formidable European sides like England and Scotland. This stylistic clash between a disjointed Dutch defense and a highly organized Japanese block creates a high probability for a tightly contested stalemate.",https://www.fifa.com/en/match-centre/match/17/285023/289273/400021470 | https://www.watchathletics.com/schedule/watchlive/11873,,,,,,,,correct,True,lucky,Japan's offensive potency and ability to capitalize in a high-scoring shootout.,The probability of a low-scoring affair dictated entirely by Japan's disciplined defensive block.,"If the Netherlands had addressed their pre-tournament defensive leaks, they likely would have held on for a victory.","no, because capitalizing on the Netherlands' defensive flaws to predict a stalemate ultimately yielded a winning bet, despite the unexpected volume of goals.",0.9,,10
m11,2026-06-14,E,Côte d'Ivoire,Ecuador,1,0,team_a_win,0.32,0.36,0.32,draw,30,"Both Côte d'Ivoire and Ecuador enter this Group E opener boasting exceptional defensive records and recent giant-killing pedigree, with the Elephants stunning France 2-1 and La Tri blanking Argentina 1-0 in their tune-up phases. The tactical clash between Ecuador's Moisés Caicedo-anchored midfield and Ivory Coast's physical spine of Franck Kessié and Evan Ndicka will severely restrict transition spaces and dictate a low-block battle of attrition. Because avoiding an opening-day defeat is paramount in a group containing Germany, backing a highly pragmatic, low-scoring stalemate provides the sharpest edge.",https://www.foxsports.com/stories/soccer/world-cup-germany-curacao-netherlands-japan-ivory-coast-ecuador-sweden-tunisia | https://www.fifa.com/en/tournaments/mens/worldcup/canadamexicousa2026/articles/cote-divoire-squad-announcement-emerse-fae | https://www.goal.com/en-us/team/ecuador/fixtures-results/2j2402oabiovxw24cnjk9m369,,,,,,,,incorrect,True,neither,Ivory Coast's individual attacking quality or set-piece threat capable of breaking a low-block stalemate.,Ecuador's defensive resilience and ability to maintain a clean sheet for the full 90 minutes.,"If Ecuador had maintained flawless defensive concentration during Ivory Coast's few high-quality chances, the match would have likely ended in the draw I anticipated.","no, because a 1-0 result in an expected low-scoring battle of attrition falls within normal statistical variance rather than indicating a fundamental flaw in the initial risk assessment.",0.9,,11
m12,2026-06-14,F,Sweden,Tunisia,5,1,team_a_win,0.54,0.28,0.18,team_a_win,60,"Sweden holds a qualitative advantage over Tunisia, possessing superior tactical depth and a proven track record of advancing in World Cup tournaments. While Tunisia often deploys a resilient defensive block, their historical inability to generate high-leverage scoring chances against organized European opposition limits their win equity. Backing a Swedish victory provides the most favorable expected value for this Group F opener.",https://www.foxsports.com/stories/soccer/how-to-watch-sweden-vs-tunisia-tv-channel-live-stream-2026-fifa-world-cup-group-f | https://www.fifa.com/en/match-centre/match/17/285023/289273/400021474 | https://www.roadtrips.com/world-cup/2026-world-cup-packages/schedule/,,,,,,,,correct,True,neither,the true extent of Tunisia's defensive fragility when forced to chase the game,the expected resilience of Tunisia's low block against organized European attacks,"If Tunisia had avoided conceding an early goal, they might have maintained their structural discipline and kept the scoreline much tighter.","no, because backing the qualitative favorite was the correct expected value play and the result validated the core reasoning.",0.9,,12
m13,2026-06-15,H,Spain,Cabo Verde,0,0,draw,0.85,0.11,0.04,team_a_win,100,"Spain enters their 2026 World Cup opener as overwhelming favorites, boasting a deep, star-studded roster featuring Rodri and Lamine Yamal alongside a dominant 21-2 goal differential in qualifiers. Although Cabo Verde arrives in excellent form following an unbeaten run to their historic maiden World Cup appearance, Spain's overwhelming tactical superiority and possession-based control make an upset highly unlikely.",https://www.fifa.com/en/tournaments/mens/worldcup/canadamexicousa2026/articles/spain-squad-announcement-luis-de-la-fuente | https://www.fifa.com/en/tournaments/mens/worldcup/articles/cabo-verde-squad-announcement-world-cup-bubista | https://www.theguardian.com/football/2026/jun/06/spain-world-cup-2026-team-guide,,,,,,,,incorrect,False,unlucky,Cabo Verde's deep defensive resilience and their ability to successfully absorb pressure against a superior opponent.,Spain's attacking efficiency and the assumption that their possession dominance would inevitably translate into goals.,"If Spain had managed to finish just one of their early chances, Cabo Verde would have been forced to open up and abandon their low block.","No, betting on a heavy favorite with an 85% win probability remains a sound positive expected value strategy despite the variance of a single match.",0.9,,13
m14,2026-06-15,G,IR Iran,New Zealand,2,2,draw,0.58,0.26,0.16,team_a_win,75,"Iran possesses superior squad quality and greater tournament pedigree, anchored by experienced attackers. Although their chaotic, politically disrupted preparations and last-minute arrival from Mexico introduce significant fatigue and distraction risks, New Zealand typically lacks the offensive firepower to capitalize fully against higher-tier international defenses.",https://www.indiatoday.in/sports/football/story/iran-fifa-world-cup-2026-usa-arrival-peace-deal-new-zealand-opener-2926584-2026-06-15 | https://www.fifa.com/en/match-centre/match/17/285023/289273/400021476,,,,,,,,incorrect,True,neither,New Zealand's offensive capability to capitalize on a fatigued defense and score multiple goals,Iran's historical squad quality and ability to dominate possession despite their severe travel disruptions,"If Iran had experienced a normal, restful preparation camp without last-minute travel chaos, they likely would have maintained defensive focus and secured the win.","yes, I would have reduced the stake or avoided the bet entirely, recognizing that severe off-field chaos creates too much variance for a confident favorite pick.",0.9,,14
m16,2026-06-15,G,Belgium,Egypt,1,1,draw,0.62,0.24,0.14,team_a_win,100,"Despite Belgium's impressive 13-game unbeaten streak, their reliance on relatively untested defensive youth like Nathan Ngoy presents transition opportunities that Egypt's lethal duo of Mohamed Salah and Omar Marmoush could effectively exploit. However, Rudi Garcia's structured tactical framework allows Kevin De Bruyne and an in-form Jeremy Doku to relentlessly dominate possession and eventually break down Egypt's low block. The stabilizing return of elite goalkeeper Thibaut Courtois and vastly superior bench depth give Belgium the decisive margin needed to secure all three points.",https://www.si.com/soccer/belgium-vs-egypt-world-cup-preview-predictions-lineups-6-15-26 | https://www.fifa.com/en/tournaments/mens/worldcup/canadamexicousa2026/articles/belgium-squad-garcia-lukaku-named | https://www.fifa.com/en/tournaments/mens/worldcup/canadamexicousa2026/articles/egypt-squad-named,,,,,,,,incorrect,False,neither,The underdog's defensive resilience and their ability to effectively neutralize the favored team's key playmakers.,"The attacking depth, possession dominance, and overall talent disparity favoring the stronger side.","If the favored team had been more clinical with their final third passes and converted early chances, they likely would have forced the opponent to abandon their low block and secured a victory.","yes, I would have factored in the high variance of international tournament matches and placed a smaller stake or hedged with a double chance bet.",0.9,,15
m15,2026-06-15,H,Saudi Arabia,Uruguay,1,1,draw,0.12,0.2,0.68,team_b_win,100,"Uruguay enters as heavy favorites due to superior individual quality, driven by Federico Valverde and Marcelo Bielsa's high-intensity pressing system. Conversely, Saudi Arabia arrives in poor form with only one win in their last five matches, making them highly vulnerable to Uruguay's quick transitions and relentless tempo. Given the significant talent disparity and tactical mismatch, fully backing a Uruguayan victory provides the most mathematically sound edge.",https://www.beinsports.com/en-us/soccer/fifa-world-cup-2026/articles/how-and-where-to-watch-saudi-arabia-vs-uruguay-in-group-h-of-the-2026-fifa-world-cup-2026-06-14 | https://www.fifa.com/en/match-centre/match/17/285023/289273/400021486,,,,,,,,incorrect,False,neither,the underdog's ability to maintain a disciplined defensive block and frustrate a superior opponent in a high-stakes tournament setting,the favorite's individual attacking quality and ability to break down a low block efficiently,"If the favored team had capitalized on their early possession dominance with a goal, the underdog would have been forced to open up, likely changing the final result.","yes, I would reduce the stake size rather than committing the full budget to account for the inherent variance of international football.",0.9,,16
m17,2026-06-16,J,Austria,Jordan,3,1,team_a_win,0.74,0.17,0.09,team_a_win,100,"Under Ralf Rangnick, Austria has developed into a formidable pressing side with extensive European top-flight experience, significantly outmatching a debuting Jordan squad. Betting markets strongly favor Austria (-290), reflecting the stark contrast in squad depth and tactical pedigree.",https://vsin.com/soccer/austria-vs-jordan-prediction-2026-fifa-world-cup-preview-and-pick/ | https://www.si.com/soccer/austria-vs-jordan-world-cup-preview-predictions-lineups-6-16-26,,,,,,,,correct,True,neither,Jordan's capacity to find the back of the net against a high-pressing European side.,none,"If Jordan had scored first and forced Austria to abandon their structured press early, the match dynamics could have been significantly closer.","no, betting the maximum on a clear favorite with a massive tactical advantage was the mathematically correct decision.",0.95,,17
m18,2026-06-16,I,France,Senegal,3,1,team_a_win,0.72,0.18,0.1,team_a_win,100,"France enters this matchup with an exceptionally deep roster, showcasing structural solidity and elite attacking metrics that make them a heavy statistical favorite. While the narrative of Senegal's historic 2002 upset looms, the underlying tactical data highlights France's consistent ability to dominate possession and exploit transitional spaces against mid-block defenses. Wagering on a comprehensive French victory offers the most mathematically sound value given the stark disparity in overall squad depth and recent competitive form.",https://www.covers.com/world-cup/france-vs-senegal-prediction-picks-odds-tuesday-6-16-2026 | https://www.foxsports.com/stories/soccer/world-cup-france-senegal-norway-iraq-argentina-algeria-austria-jordan | https://www.aljazeera.com/sports/2026/6/15/france-vs-senegal-world-cup-2026-mbappe-teams-lineups-start-dembele,,,,,,,,correct,True,neither,Senegal's offensive capability to breach the French defense and score.,"France's defensive structural solidity, given they conceded a goal.","If Senegal had scored first to trigger a deep defensive block, France might have struggled more to secure a comfortable two-goal margin.","no, the core prediction of a French victory was entirely validated by the final result.",0.9,,18
m19,2026-06-16,I,Iraq,Norway,1,4,team_b_win,0.05,0.14,0.81,team_b_win,100,"Norway's dominant UEFA qualifying run, highlighted by 37 goals and an elite attacking core, exposes a severe structural mismatch against an Iraqi side appearing in their first World Cup since 1986. While betting heavily favored moneylines sacrifices yield, backing Norway remains the most analytically sound equity decision given the stark contrast in squad depth and tactical pedigree. I am allocating the full budget to capitalize on Norway's highly probable victory.",https://thesportsrush.com/iraq-v-norway-predictions/ | https://scoopempire.com/the-story-behind-iraqs-historic-return-to-the-fifa-world-cup/,,,,,,,,correct,True,neither,none,none,"If Iraq had focused entirely on a low defensive block, they might have lost by a smaller margin, but Norway's victory still would have been the likely outcome.","no, because the maximum allocation correctly capitalized on a highly probable outcome that played out exactly as expected.",0.95,,19
m20,2026-06-16,J,Argentina,Algeria,3,0,team_a_win,0.75,0.18,0.07,team_a_win,100,"Argentina enters the 2026 World Cup as defending champions in exceptional form, having swept their recent 2026 friendlies while keeping four clean sheets. Although Algeria has rebuilt momentum under Vladimir Petkovic to qualify for their first World Cup since 2014, the vast disparity in squad depth, high-pressure tournament experience, and sheer technical quality makes an Argentina victory highly probable.",https://www.beinsports.com/en-us/soccer/fifa-world-cup-2026/articles/how-and-where-to-watch-argentina-vs-algeria-in-group-j-of-the-2026-fifa-world-cup-2026-06-15 | https://www.fotmob.com/teams/6706/overview/argentina | https://www.fifa.com/en/tournaments/mens/worldcup/canadamexicousa2026/articles/algeria-team-profile-history,,,,,,,,correct,True,neither,none,none,"If Algeria had managed to successfully implement a low block to frustrate Argentina in the first half, the final score margin might have been narrower.","no, the forecast accurately identified the significant talent gap, making a maximum stake on Argentina the right move.",0.95,,20
m21,2026-06-17,K,Portugal,Congo DR,1,1,draw,0.73,0.18,0.09,team_a_win,100,"Portugal enters this Group K match as a heavy favorite with a star-studded squad and an unbeaten run in their recent preparation matches. DR Congo is making its first World Cup appearance since 1974 and, despite a disciplined defensive structure, lacks the depth to consistently handle Portugal's relentless attacking pace. Backing a Portugal win offers the most reliable return on investment given the stark difference in international pedigree and overall squad quality.",https://www.foxsports.com/stories/soccer/how-to-watch-portugal-vs-congo-dr-tv-channel-live-stream-2026-fifa-world-cup-group-k | https://www.fifa.com/en/tournaments/mens/worldcup/canadamexicousa2026/articles/portugal-congo-dr-preview-live-stream-team-news-tickets,,,,,,,,incorrect,False,neither,The sheer effectiveness and resilience of DR Congo's defensive structure under tournament pressure.,The raw disparity in squad quality and international pedigree.,"If Portugal had converted an early scoring opportunity, DR Congo's defensive block would have likely broken down.","yes, I would lower the stake or avoid straight bets on heavy favorites in opening group matches due to high variance.",0.85,,21
m22,2026-06-17,L,England,Croatia,4,2,team_a_win,0.58,0.26,0.16,team_a_win,50,"England's flawless UEFA qualifying record under Thomas Tuchel reveals a highly structured tactical approach that minimizes defensive vulnerabilities while maximizing the impact of elite athletes like Jude Bellingham. Conversely, while Croatia retains formidable ball retention capabilities, their reliance on an aging veteran core makes them highly susceptible to transition-heavy, high-pressing systems in exhausting Texas heat. A $50 stake on England balances confidence in their athletic and tactical superiority against the inherent variance of opening group-stage fixtures.",https://dallasexpress.com/sports/england-gets-world-cup-revenge-shot-against-croatia-in-north-texas/ | https://support.google.com/knowledgepanel/answer/9787176,,,,,,,,correct,True,neither,"England's defensive vulnerabilities in an open game, which allowed Croatia to find the net twice despite expectations of a tight structure.",England's ability to completely minimize defensive risks and cleanly suppress Croatia's scoring opportunities.,"If Croatia's veteran midfield had managed to dictate a slower tempo and avoid transition battles, they might have capitalized further on England's defensive gaps to force a draw.","no, because my core thesis of England's athletic and transition superiority overcoming Croatia's aging core proved fundamentally accurate in securing the victory.",0.9,,22
m23,2026-06-17,L,Ghana,Panama,1,0,team_a_win,0.48,0.31,0.21,team_a_win,55,"Ghana boasts a superior attacking frontline with dynamic players like Antoine Semenyo and Iñaki Williams, showing improved tactical cohesion and mid-block pressing under manager Carlos Queiroz in their recent warmup against Wales. Although Thomas Partey's unexpected absence due to Canadian entry issues is a significant midfield blow, Panama's historical struggles against high-intensity squads in major tournaments give the Black Stars a distinct edge.",https://www.theguardian.com/football/2026/jun/11/ghana-world-cup-2026-team-guide | https://www.olympics.com/en/news/fifa-world-cup-2026-ghana-all-players-full-squad-list-key-stats-schedule | https://www.fifa.com/en/match-centre/match/17/285023/289273/400021510,,,,,,,,correct,True,neither,"Panama's defensive resilience, which successfully limited Ghana's dynamic attacking frontline to a narrow one-goal margin.","The severity of Thomas Partey's absence as a midfield blow, which ultimately did not prevent Ghana from controlling the game enough to win.","If Panama had been able to better exploit the midfield instability caused by Partey's absence, they might have salvaged a draw.","no, the forecast accurately identified Ghana's attacking quality as the decisive edge to justify the moderate stake.",0.9,,23
m24,2026-06-17,K,Uzbekistan,Colombia,1,3,team_b_win,0.1,0.18,0.72,team_b_win,100,"Colombia enters the tournament as clear favorites, bringing an experienced squad and a formidable attack led by Luis Diaz and James Rodriguez. As World Cup debutants, Uzbekistan's defense will likely struggle against Colombia's high-caliber pressure, especially after dropping both of their recent warm-up matches. A definitive Colombia victory is the most mathematically and tactically sound outcome.",https://www.covers.com/world-cup/colombia-vs-uzbekistan-prediction-picks-odds-wednesday-6-17-2026 | https://www.rotowire.com/soccer/article/uzbekistan-vs-colombia-preview-predicted-lineups-team-news-tactical-analysis-2026-world-cup-group-k-118365 | https://www.newsday.com/sports/soccer/james-rodriguez-colombia-world-cup-2026-k42017,,,,,,,,correct,True,neither,"Uzbekistan's attacking capability to secure a goal, as my analysis focused almost exclusively on their defensive vulnerabilities.",none,"If Uzbekistan's defense had managed to weather the initial storm and keep the game scoreless into the second half, Colombia might have played more desperately and forced errors.","no, betting the maximum stake on a heavily favored Colombia proved to be the correct value decision given the distinct skill gap.",0.95,,24
m25,2026-06-18,A,Mexico,Korea Republic,1,0,team_a_win,0.45,0.3,0.25,draw,100,"Both teams secured opening victories and share the top of Group A, meaning a mutually beneficial draw places both in a prime position to advance to the knockout rounds. Mexico's defense is weakened by César Montes's red card suspension, while South Korea's disciplined low-block approach and early altitude acclimation point strongly toward a cautious, low-scoring stalemate.",https://www.covers.com/world-cup/mexico-vs-south-korea-prediction-picks-odds-thursday-6-18-2026 | https://www.rotowire.com/soccer/article/mexico-vs-south-korea-picks-tips-odds-best-bets-2026-world-cup-group-a-118649,,,,,,,,incorrect,True,neither,Mexico's attacking quality and ability to break down South Korea's low block despite a cautious game script.,The game theory assumption that both teams would settle for a mutually beneficial draw.,"If South Korea had managed to score on a counter-attack against a weakened Mexican defense, the match would have likely ended in the predicted draw.","yes, I would trust my highest assigned probability (45% for a Mexico win) instead of betting on a narrative-driven draw.",0.9,,25
m26,2026-06-18,B,Canada,Qatar,6,0,team_a_win,0.72,0.19,0.09,team_a_win,80,"Canada holds a significant squad quality advantage over Qatar, led by European-based stars like Jonathan David, and will benefit heavily from the home crowd at BC Place. While Alphonso Davies's injury status is a concern, Qatar's squad relies primarily on domestic league players and may struggle against Canada's high-intensity pressing. Given the stakes after both teams drew their openers, Canada is heavily favored to secure all three points.",https://thesportsrush.com/canada-v-qatar-predictions/ | https://www.tntsports.co.uk/betting/tips/canada-vs-qatar-prediction-tips-and-odds-world-cup-2026/ | https://www.beinsports.com/en-us/soccer/fifa-world-cup-2026/articles/how-and-where-to-watch-canada-vs-qatar-in-group-b-of-the-2026-fifa-world-cup-2026-06-17,,,,,,,,correct,True,neither,Qatar's extreme defensive fragility and inability to cope with Canada's intensity on foreign soil,Alphonso Davies's injury status as a potential limiting factor for Canada's attack,"If Qatar had successfully maintained a compact low block in the opening 30 minutes, the scoreline might have been less severe, though the match result likely remains the same.","no, because predicting a Canada win with a strong $80 stake was the correct read, and increasing it to $100 would merely be hindsight bias.",0.95,,26
m27,2026-06-18,B,Switzerland,Bosnia and Herzegovina,4,1,team_a_win,0.55,0.28,0.17,team_a_win,60,"Switzerland dominated their opening match against Qatar with 26 shots and possesses superior overall squad quality. While Bosnia and Herzegovina have proven defensively resilient with a recent string of draws, Switzerland's persistent attacking volume makes them strong favorites. Their urgent need for a win to secure advancement from Group B should provide the necessary push to break through Bosnia's defense.",https://www.si.com/soccer/switzerland-vs-bosnia-herzegovina-world-cup-preview-predictions-lineups-6-18-26 | https://www.goal.com/en-us/news/switzerland-bosnia-herzegovina-world-cup-preview/bltb96d9176142a8fe0 | https://www.toffeeweb.com/int/switzerland-vs-bosnia-and-herzegovina-predictions-picks-odds-19-06-2026/,,,,,,,,correct,True,neither,Switzerland's clinical finishing efficiency,Bosnia and Herzegovina's defensive resilience,"If Bosnia and Herzegovina had scored an early opening goal, they might have successfully collapsed into a low block to limit Switzerland's scoring output.","No, because Switzerland's superior squad depth and high offensive volume fully justified a confident wager on their victory.",0.95,,27
m28,2026-06-18,A,Czechia,South Africa,1,1,draw,0.55,0.25,0.2,team_a_win,65,"Czechia enters as the clear betting favorite (-125) after showing promising offensive capability in their narrow 2-1 opening loss to South Korea. Conversely, South Africa is under immense pressure after a 2-0 loss to Mexico where they lost two starting players, Yaya Sithole and Themba Zwane, to straight red cards. These critical suspensions severely weaken South Africa's midfield and tactical structure, creating a highly advantageous situation for Czechia to secure three points.",https://www.foxsports.com/stories/soccer/2026-world-cup-czechia-south-africa-odds-prediction-picks | https://www.fubo.tv/news/soccer/fifa-world-cup-2026/czechia-vs-south-africa-live-stream-how-to-watch-2026-fifa-world-cup/,,,,,,,,incorrect,True,unlucky,South Africa's defensive resilience and tactical adjustments to compensate for their suspended midfielders.,The direct negative impact of missing Sithole and Zwane on South Africa's ability to secure a result.,"If Czechia had been more clinical in breaking down South Africa's defensive adjustments, they likely would have found a winning goal.","no, betting on a clear favorite against a team missing two key starting midfielders remains a fundamentally sound strategy despite this specific outcome.",0.9,,28
m29,2026-06-19,D,USA,Australia,2,0,team_a_win,0.55,0.25,0.2,team_a_win,100,"Moving beyond superficial home-field narratives, the USMNT possesses a distinct structural advantage in midfield and attack, highlighted by attackers who successfully exploited Australia's defensive shape in their recent October 2025 victory. While Australia's transitional resilience is notable, the combination of tactical depth and the intense environment at Seattle Stadium creates a high-conviction value proposition. Allocating the full budget to a USA win represents a calculated exploitation of these underlying tactical discrepancies rather than simply following the consensus.",https://www.ussoccer.com/stories/2026/06/usmnt/match-preview-vs-australia-seattle-washington-fifa-world-cup | https://www.fifa.com/en/match-centre/match/17/285023/289273/400021462,,,,,,,,correct,True,neither,"The absolute effectiveness of the USMNT's defensive pressing triggers, which completely neutralized Australia's ability to build out and secured a clean sheet.","Australia's transitional resilience, which I assumed would create enough variance to warrant a combined 45% probability for a draw or away win.","If Australia had successfully bypassed the initial US counter-press in the opening twenty minutes to score against the run of play, it would have fundamentally altered the required US tactical shape and risk profile.","no, because maxing the $100 stake on the structurally sound thesis of USMNT midfield dominance yielded the optimal return.",0.9,,29
m30,2026-06-19,D,Türkiye,Paraguay,0,1,team_b_win,0.55,0.25,0.2,team_a_win,100,"Both teams are facing immense pressure after losing their Group D openers, making this a pivotal survival match. Paraguay's defense was exposed in their 4-1 defeat to the United States, presenting an opportunity for Türkiye's talented attacking core of Arda Güler and Kenan Yıldız to capitalize. Given Türkiye's superior pre-tournament form and deeper squad quality, backing them to secure three points offers the most logical betting angle.",https://www.foxsports.com/stories/soccer/how-to-watch-turkiye-vs-paraguay-tv-channel-live-stream-2026-fifa-world-cup-group-d | https://www.beinsports.com/en-us/soccer/fifa-world-cup-2026/articles/t%C3%BCrkiye-s-possible-lineup-to-face-paraguay-in-the-fifa-world-cup-2026-2026-06-18 | https://support.google.com/knowledgepanel/answer/9787176,,,,,,,,incorrect,False,neither,Paraguay's defensive resilience and ability to adjust their shape to secure a clean sheet after a heavy previous defeat.,The ability of Türkiye's young attacking core to easily exploit spaces and capitalize on pressure.,"If Türkiye had managed to convert an early chance, Paraguay would have been forced to abandon their defensive posture, likely altering the match's dynamic.","yes, I would have staked much less or avoided the bet entirely given the high volatility of two desperate teams fighting for tournament survival.",0.9,,30
m31,2026-06-19,C,Brazil,Haiti,3,0,team_a_win,0.9,0.08,0.02,team_a_win,100,"Brazil's tactical setup under Carlo Ancelotti struggled against Morocco, but their overwhelming attacking firepower should easily dismantle a low-block Haitian side. Haiti's metrics from their opening loss showed defensive resilience but an inability to sustain possession in the final third, neutralizing their counter-attacking threat against elite opposition. With Brazil urgently needing a win to secure group advancement, a decisive victory is a highly probable outcome with minimal statistical variance.",https://www.sportsmole.co.uk/football/brazil/world-cup-2026/preview/brazil-vs-haiti-prediction-team-news-lineups_599463.html | https://www.goal.com/en-us/news/brazil-haiti-world-cup-preview/blte15b62338e20169d | https://thesportsrush.com/brazil-v-haiti-predictions/,,,,,,,,correct,True,neither,none,Brazil's prior tactical vulnerabilities against defensive blocks,"If Haiti had scored an early opening goal on a counter-attack, Brazil's defensive composure might have been tested, though their squad depth likely would have still overturned the deficit.","No, because backing a heavily favored elite team with a maximum stake remains the mathematically optimal decision when they secure a comfortable 3-0 victory.",0.95,,31
m32,2026-06-19,C,Scotland,Morocco,0,1,team_b_win,0.18,0.24,0.58,team_b_win,100,"Morocco demonstrated their status as legitimate contenders with a tactically dominant 1-1 draw against Brazil in their opener, showcasing high-level pressing and technical ability. Conversely, Scotland struggled to secure a narrow 1-0 win over Haiti, losing the expected goals (xG) battle despite the favorable result. Given Morocco's superiority in midfield and ability to exploit tiring defenses, backing them to secure all three points presents the strongest analytical value.",https://www.covers.com/world-cup/morocco-vs-scotland-prediction-picks-odds-friday-6-19-2026 | https://www.rotowire.com/soccer/article/2026-world-cup-best-bets-today-7-picks-for-friday-june-19-118793 | https://support.google.com/knowledgepanel/answer/9787176,,,,,,,,correct,True,neither,"Scotland's capacity to maintain defensive discipline and absorb pressure for long stretches, preventing a wider goal margin despite Morocco's dominance.","The extent to which Morocco would ruthlessly exploit a tiring defense, as the narrow 1-0 result indicates Scotland remained compact until the end.","If Scotland had managed to execute a single clinical transition or capitalize on a set-piece, they could have easily forced a low-scoring draw.","no, the fundamental assessment of Morocco's tactical superiority and game control was accurate and justified the maximum stake.",0.95,,32
m33,2026-06-20,F,Tunisia,Japan,0,4,team_b_win,0.14,0.22,0.64,team_b_win,100,"Japan enters this match with strong momentum after a solid 2-2 draw against the Netherlands, while Tunisia is in crisis following a 5-1 defeat to Sweden and a disruptive managerial change. The Samurai Blue possess superior squad depth, tactical cohesion, and a flawless competitive win record against Tunisia. Backing Japan to win is the most logical bet given Tunisia's current defensive instabilities and severe lack of preparation time under new coach Hervé Renard.",https://news.sportsinteraction.com/soccer/fifa-world-cup/story/tunisia-vs-japan-odds-prediction-062126-217119 | https://www.goal.com/en-us/news/tunisia-japan-world-cup-preview/blt6f5bc99ab7c81265,,,,,,,,correct,True,neither,none,none,"If Tunisia had avoided a sudden managerial change prior to the match, they might have maintained enough defensive structure to narrow the margin of defeat.","no, because the pre-match analysis accurately identified the mismatch in team momentum and tactical stability, fully justifying the maximum stake on Japan.",1.0,,33
m34,2026-06-20,E,Ecuador,Curaçao,0,0,draw,0.85,0.11,0.04,team_a_win,100,"Ecuador possesses a superior squad with deep tournament experience and established talents like Enner Valencia, creating a massive quality mismatch against the 83rd-ranked debutants. Curaçao's defensive vulnerability was exposed completely in their 7-1 loss to Germany, leaving them ill-equipped to handle an Ecuadorian side desperate for three points after dropping their opener. A maximum stake is justified given the stark contrast in both team pedigree and immediate tactical necessity.",https://www.beinsports.com/en-us/soccer/fifa-world-cup-2026/articles/how-and-where-to-watch-ecuador-vs-cura%C3%A7ao-in-group-e-of-the-2026-fifa-world-cup-2026-06-19 | https://www.si.com/soccer/ecuador-vs-curacao-world-cup-preview-predictions-lineups-6-20-26,,,,,,,,incorrect,False,unlucky,"Curaçao's tactical adjustment to defend in a deep, highly disciplined low block to prevent another blowout.",Ecuador's attacking potency and their ability to easily break down a deeply entrenched underdog.,"If Ecuador had managed to convert an early chance, it would have forced Curaçao out of their defensive shape and likely led to the predicted comfortable victory.","yes, I would have lowered my stake and given higher probability to a draw, acknowledging the high variance in soccer when a superior team faces a desperate, defense-first opponent.",0.9,,34
m35,2026-06-20,E,Germany,Côte d'Ivoire,2,1,team_a_win,0.72,0.18,0.1,team_a_win,100,"Germany enters the match with massive momentum after a dominant 7-0 opening victory over Curacao, demonstrating a lethal and well-oiled attack. While Côte d'Ivoire showed resilience in their 1-0 win against Ecuador, Germany's tactical discipline and superior depth make them heavy favorites. Placing the full $100 stake on a German victory is the most statistically sound virtual bet.",https://www.beinsports.com/en-us/soccer/fifa-world-cup-2026/articles/how-and-where-to-watch-germany-vs-ivory-coast-in-group-e-of-the-2026-fifa-world-cup-2026-06-20 | https://www.foxsports.com/stories/soccer/world-cup-netherlands-sweden-germany-curacao-ecuador-japan-tunisia-matchday-10,,,,,,,,correct,True,neither,Côte d'Ivoire's offensive capability to effectively counter-attack and breach Germany's defense.,"Germany's overwhelming offensive momentum from their prior 7-0 victory, which faced much stiffer resistance here.","If Côte d'Ivoire had maintained their defensive structure slightly longer or capitalized on one more counter, they could have secured a draw.","no, placing the stake on the highest-probability outcome remains the statistically optimal strategy even if the margin of victory was narrow.",0.9,,35
m36,2026-06-20,F,Netherlands,Sweden,5,1,team_a_win,0.55,0.24,0.21,team_b_win,25,"Although the Netherlands enter as betting favorites, their defense looked vulnerable in a 2-2 opening draw against Japan. Conversely, Sweden showcased a highly potent attack featuring Alexander Isak and Viktor Gyökeres in their dominant 5-1 opener. At +358 odds, backing Sweden provides positive expected value given their current goal-scoring momentum against a shaky Dutch backline.",https://www.foxsports.com/stories/soccer/how-to-watch-netherlands-vs-sweden-tv-channel-live-stream-2026-fifa-world-cup-group-f,,,,,,,,incorrect,False,neither,"The vulnerability of Sweden's defense when tested by an elite attack, rather than a weaker opponent.",Sweden's offensive momentum and goal-scoring form from their opening match.,"If Sweden had scored first to validate my thesis about the Dutch defense, the game script might have been closer, but the 5-1 margin indicates a fundamental mismatch.","yes, I would have respected the Netherlands' status as clear favorites instead of chasing a value bet based on a small sample size of momentum.",0.9,,36
m37,2026-06-21,G,New Zealand,Egypt,1,3,team_b_win,0.15,0.28,0.57,team_b_win,100,"Egypt demonstrated strong tactical discipline and attacking threat in their 1-1 opening draw against group favorites Belgium, spearheaded by Mohamed Salah and Omar Marmoush. While New Zealand showed resilience in their 2-2 draw with Iran, their defensive vulnerabilities against pace leave them exposed in this matchup. Backing Egypt to win is the most logical choice given their superior roster quality and recent 1-0 victory over New Zealand in 2024.",https://onefootball.com/en/news/new-zealand-vs-egypt-prediction-world-cup-2026-preview-best-bets-43026948 | https://vsin.com/soccer/egypt-vs-new-zealand-prediction-2026-fifa-world-cup-preview-and-pick/ | https://www.covers.com/world-cup/egypt-vs-new-zealand-prediction-picks-odds-sunday-6-21-2026,,,,,,,,correct,True,neither,none,none,"If New Zealand had played a deeper defensive block to neutralize the space behind their backline, they might have mitigated Egypt's transitional pace and kept the scoreline closer.","no, the decision to stake the maximum amount on Egypt was justified by their clear superiority in attacking quality and tactical matchups.",0.95,,37
m38,2026-06-21,H,Uruguay,Cabo Verde,2,2,draw,0.72,0.2,0.08,team_a_win,75,Uruguay possesses a significant talent advantage and dominated expected goals in their opening match despite a slow start. Their midfield physicality and superior set-piece execution should comfortably overpower Cape Verde's defensively oriented setup.,https://www.covers.com/world-cup/uruguay--vs-cape-verde-prediction-picks-odds-sunday-6-21-2026 | https://www.rsl.com/news/real-salt-lake-star-juan-manuel-sanabria-and-uruguay-square-off-against-cape-verde-in-2026-fifa-world-cup-sunday,,,,,,,,incorrect,False,neither,Cape Verde's counter-attacking efficiency and resilience in front of goal against top-tier opposition.,Uruguay's defensive solidity and ability to completely dictate the game state through midfield dominance.,"If Uruguay had avoided critical defensive lapses to suppress Cape Verde's scoring opportunities, they likely would have held on for the win.","No, because backing a vastly superior team with a 72% expected win probability remains a mathematically sound decision despite the variance of a single match.",0.9,,38
m39,2026-06-21,G,Belgium,IR Iran,0,0,draw,0.68,0.21,0.11,team_a_win,100,"Belgium's 68% implied probability reflects their raw talent advantage, but their sluggish transition defense in the recent 1-1 draw against Egypt exposes vulnerabilities that Iran's Mehdi Taremi could easily exploit on the counter. Nevertheless, Romelu Lukaku's proven capacity to physically disrupt deep, disciplined defensive blocks provides the crucial edge required to shatter Iran's compact 4-5-1 formation. This distinct tactical mismatch in the final third justifies absorbing the heavily chalked moneyline risk, making a maximum stake on a Belgian victory the most analytically robust decision.",https://www.squawka.com/us/news/world-cup/match-preview-belgium-vs-iran-06-21-26-world-cup-2026/ | https://www.rotowire.com/betting/soccer/game/belgium-vs-iran-odds-2026-06-21-2608277,,,,,,,,incorrect,False,neither,Iran's elite low-block organization and tactical discipline in completely denying central service.,Belgium's dynamic capacity to break down a packed defense purely through physical profiling and individual talent.,"If Belgium had scored an early opening goal, Iran would have been forced to expand their shape, creating the transition space Belgium needed to dominate.","Yes, I would select 'no_bet' because assigning a 68% win probability structurally overvalued Belgium's efficiency against ultra-compact, highly disciplined defensive structures.",0.95,,39
m40,2026-06-21,H,Spain,Saudi Arabia,4,0,team_a_win,0.88,0.08,0.04,team_a_win,100,"Spain enters this Group H match as an overwhelming favorite, with prediction markets granting them roughly an 89 percent chance of victory. Their star-studded lineup features standout talents like Lamine Yamal and Rodri, presenting a stark mismatch against Saudi Arabia's less experienced squad. Staking the full budget on a Spain win is the most logical choice given the massive disparity in overall squad quality and tournament pedigree.",https://sailgp.com/prediction-markets/trending/kalshi-promo-code-for-spain-v-ksa-2026-world-cup-june-21 | https://www.mercedesbenzstadium.com/events/fifa-world-cup-26-tm---spain-vs-saudi-arabia,,,,,,,,correct,True,neither,none,none,"Even if Saudi Arabia had managed an early counter-attacking goal, Spain's overwhelming attacking dominance would have still easily overturned the deficit.","no, placing the maximum stake on Spain to win perfectly reflected the reality of the massive mismatch in squad quality.",0.95,,40
m41,2026-06-22,J,Jordan,Algeria,1,2,team_b_win,0.15,0.25,0.6,team_b_win,100,"Algeria possesses significantly more international pedigree and individual quality than a debuting Jordan squad. While both teams suffered defeats in their opening matches, Algeria's superior talent pool gives them a distinct edge in this high-pressure group stage clash. Given the must-win stakes for both nations, backing Algeria to secure the victory presents the most reliable betting angle.",https://www.si.com/soccer/jordan-vs-algeria-world-cup-predictions-previews-lineups-6-22-26 | https://www.fifa.com/en/tournaments/mens/worldcup/canadamexicousa2026/articles/jordan-algeria-feature,,,,,,,,correct,True,neither,"Jordan's attacking resilience, as they managed to score a goal despite being the weaker side.",none,"If Jordan had capitalized on a defensive lapse to score a second, the match would have ended in a draw.","no, because the fundamental assessment of Algeria's superior quality resulting in a win proved perfectly accurate.",0.9,,41
m42,2026-06-22,I,Norway,Senegal,3,2,team_a_win,0.48,0.27,0.25,team_a_win,65,"Norway enters with profound momentum from a perfect qualifying run and a clinical 4-1 opening win over Iraq, efficiently leveraging a disciplined midfield to feed Erling Haaland's elite finishing. Senegal's defense, which recently conceded three goals to France, appears structurally vulnerable to this ruthless offensive profile and has suffered from inconsistent output overall. Taking Norway to win outright offers strong positive expected value given the substantial discrepancy in recent team form and tactical cohesion.",https://thesportsrush.com/norway-v-senegal-predictions/ | https://www.si.com/soccer/norway-vs-senegal-world-cup-preview-predictions-lineups-6-22-26 | https://www.beinsports.com/en-us/soccer/fifa-world-cup-2026/articles/how-and-where-to-watch-norway-vs-senegal-in-group-i-of-the-2026-fifa-world-cup-2026-06-21,,,,,,,,correct,True,neither,Senegal's offensive potency and ability to exploit Norway's defense to score two goals.,The assumption that Norway's disciplined midfield would easily dictate the tempo and completely neutralize Senegal's scoring opportunities.,"If Senegal had capitalized on just one more counter-attack against a vulnerable Norwegian defense, the match could easily have ended in a draw.","no, because taking a calculated stake on the favored team based on their elite offensive advantage proved to be a profitable and mathematically sound decision despite the close margin.",0.9,,42
m43,2026-06-22,I,France,Iraq,3,0,team_a_win,0.85,0.1,0.05,team_a_win,100,"France enters this match following a commanding 3-1 victory over Senegal, showcasing an elite attacking front led by Kylian Mbappé. Iraq recently suffered a 4-1 defeat to Norway, revealing defensive weaknesses that the French squad is well-equipped to exploit. Given France's motivation to seamlessly secure a knockout stage spot, a decisive win for Les Bleus is highly probable.",https://www.si.com/soccer/france-vs-iraq-world-cup-preview-predictions-lineups-6-22-26 | https://www.sportsmole.co.uk/football/france/world-cup-2026/preview/france-vs-iraq-prediction-team-news-lineups_599660.html,,,,,,,,correct,True,neither,none,none,"If Iraq had managed to defend deeper and frustrate France early, the final scoreline might have been lower, but the ultimate outcome of a French win would likely have remained unchanged.","no, maximizing the stake on a highly probable mismatch was the correct strategic decision.",0.95,,43
m44,2026-06-22,J,Argentina,Austria,2,0,team_a_win,0.65,0.22,0.13,team_a_win,100,"Defending champions Argentina enter on an eight-match winning streak following a dominant 3-0 victory over Algeria, highlighted by Lionel Messi's hat-trick and a flawless defensive showing. While Austria also secured three points in their opener under Ralf Rangnick's high-pressing system, they conceded numerous chances to tournament debutants Jordan. Argentina's structural balance and elite ability to bypass the press make them clear favorites to secure all three points.",https://www.flashscore.com/match/football/argentina-f9OppQjp/austria-naHiWdnt/ | https://kalshi.com/markets/kxwcgame/world-cup-game/kxwcgame-26jun22argaut | https://www.covers.com/world-cup/argentina-vs-austria-prediction-picks-odds-monday-6-22-2026,,,,,,,,correct,True,neither,none,none,"If Austria's high press had successfully disrupted Argentina's midfield rhythm early in the match, they might have forced a lower-scoring draw.","no, placing the maximum stake on the heavy favorite with a clear tactical advantage was the correct mathematical and sports-betting decision.",0.95,,44
m45,2026-06-23,K,Colombia,Congo DR,1,0,team_a_win,0.62,0.26,0.12,team_a_win,100,"Colombia carries significant attacking momentum after a comfortable 3-1 opening victory over Uzbekistan, spearheaded by Luis Díaz and a highly fluid midfield. Although DR Congo demonstrated exceptional defensive organization during their surprising 1-1 draw with Portugal, Colombia's high-intensity pressing and superior technical quality give them the clear advantage. Expect Los Cafeteros to eventually break through the Leopards' resilient backline to secure early knockout qualification.",https://www.si.com/soccer/colombia-vs-dr-congo-world-cup-preview-predictions-lineups-6-23-26 | https://www.sportsmole.co.uk/football/colombia/world-cup-2026/preview/colombia-vs-congo-dr-prediction-team-news-lineups_599761.html | https://worldsoccertalk.com/world-cup/colombia-2026-world-cup-preview-squad-breakdown-key-player-and-tactical-analysis/,,,,,,,,correct,True,neither,"The absolute extent of DR Congo's defensive effectiveness, which restricted Colombia to a much narrower margin of victory than anticipated.","Colombia's attacking fluidity and goal-scoring momentum, as they were ultimately limited to a single goal.","If DR Congo had managed to capitalize on a single counter-attack against the run of play, they could have easily secured a draw.","no, because the core prediction that Colombia's technical superiority would eventually secure a win was validated.",0.9,,45
m46,2026-06-23,L,Panama,Croatia,0,1,team_b_win,0.12,0.23,0.65,team_b_win,80,"Although Croatia's defensive vulnerabilities were heavily exploited in their 4-2 opening defeat to England, their midfield orchestration remains technically vastly superior to Panama's tactical setup. Panama demonstrated disciplined pressing in their late 1-0 loss to Ghana, but their persistent inability to convert defensive solidity into meaningful final-third scoring chances significantly limits their upset potential. Given both teams' desperation for points to avoid group-stage elimination, backing a Croatian victory exploits the stark disparity in squad depth and elite tournament pedigree.",https://www.si.com/soccer/panama-vs-croatia-world-cup-preview-predictions-lineups-6-23-26 | https://www.vegasodds.com/predictions/soccer/2026-world-cup-group-l-panama-croatia-preview-odds-predictions-june-23/,,,,,,,,correct,True,neither,"The extreme effectiveness of Panama's low block in neutralizing Croatia's final-third entries, limiting the result to a very narrow margin.","Croatia's expected offensive conversion capability, which struggled to fully capitalize on their significant possession and midfield dominance.","If Panama had successfully executed a single counter-attack or maximized a set-piece opportunity, their defensive solidity would have likely secured a draw.","no, betting on the technically superior side in a high-stakes scenario was probabilistically sound and yielded the correct outcome.",0.95,,46
m47,2026-06-23,L,England,Ghana,0,0,draw,0.68,0.21,0.11,team_a_win,100,"England enters the match with significant personnel advantages and remains historically unbeaten against African opponents at the World Cup. While Ghana can be resilient in group stages, England's superior squad depth and tactical dominance make a full-stake bet on an English victory highly logical.",https://www.englandfootball.com/england/mens-senior-team/fixtures-results/2025-26/World-Cup/england-v-ghana-fifa-world-cup-tuesday-23-june-2026-match-centre | https://www.gillettestadium.com/events/2026-world-cup-group-stage-match-767/,,,,,,,,incorrect,False,neither,The tactical discipline of Ghana's low-block defense and their physical capacity to disrupt attacking rhythm in a high-stakes tournament setting.,England's superior on-paper squad depth and the assumption that elite offensive talent inevitably overcomes resilient defensive structures.,"If England had managed to convert an early half-chance, it would have forced Ghana to abandon their defensive shape, fundamentally altering the game state.","yes, I would allocate only a partial stake instead of the full $100 budget, recognizing that a 68% win probability does not justify maximum exposure.",0.9,,47
m48,2026-06-23,K,Portugal,Uzbekistan,5,0,team_a_win,0.78,0.16,0.06,no_bet,0,"Despite Portugal's significant talent advantage, their heavily juiced moneyline odds (-550) carry an implied probability of over 84%, which offers negative expected value. Portugal demonstrated severe structural attacking issues against DR Congo by producing just 0.65 xG, and Uzbekistan's anticipated low block will present similar stylistic hurdles. Because the true probability of a Portuguese victory sits closer to 78%, passing on this specific market is the most mathematically sound decision.",https://www.actionnetwork.com/soccer/portugal-vs-uzbekistan-prediction-picks-odds-world-cup-tuesday-june-23 | https://www.covers.com/world-cup/portugal-vs-uzbekistan-prediction-picks-odds-tuesday-6-23-2026 | https://www.fanduel.com/research/portugal-vs-uzbekistan-prediction-lineups-preview-picks-and-best-bets-world-cup-2026,,,,,,,,partially_correct,False,neither,Portugal's attacking quality and finishing variance positively correcting after a poor showing in their previous match.,The structural similarity between DR Congo's and Uzbekistan's low blocks and their ability to successfully stifle Portugal's attackers.,"If Uzbekistan had managed to keep a clean sheet through the first half to build frustration, Portugal might not have opened the floodgates for a 5-0 rout.","yes, I would have considered placing a bet on Portugal to cover a handicap spread instead of completely passing on the match due to moneyline juice.",0.85,,48
m49,2026-06-24,A,South Africa,Korea Republic,1,0,team_a_win,0.15,0.25,0.6,team_b_win,100,"South Korea needs only a draw to advance to the knockout stages and possesses superior attacking quality, while South Africa is under immense pressure in a must-win situation. Furthermore, South Africa has failed to score from open play in the tournament and will be severely weakened by the suspensions of key playmakers Teboho Mokoena and Themba Zwane.",https://www.tntsports.co.uk/betting/tips/south-africa-vs-south-korea-prediction-tips-and-odds-world-cup-2026/ | https://www.si.com/soccer/south-africa-vs-south-korea-world-cup-preview-predictions-lineups-6-24-26,,,,,,,,incorrect,False,neither,The psychological motivation and focused intensity of South Africa playing in an absolute must-win scenario.,The negative impact of South Africa's missing players and South Korea's perceived attacking superiority.,"If South Korea had played aggressively for a win rather than relying on the safety of a draw, they might have forced South Africa into making fatal defensive errors.","yes, I would avoid betting the maximum stake on a team that only needs a draw, as that scenario often breeds complacency and invites upsets.",0.9,,49
m50,2026-06-24,A,Czechia,Mexico,0,3,team_b_win,0.25,0.32,0.43,draw,40,"Mexico has already clinched Group A and manager Javier Aguirre is expected to heavily rotate the squad, minimizing their attacking urgency. Czechia desperately needs a result but has been offensively lackluster this tournament, averaging under 0.5 expected goals (xG) from open play. Backing a low-scoring draw offers strong value, as Mexico's defense has yet to concede and will likely stifle a struggling Czech attack without overextending themselves offensively.",https://www.covers.com/world-cup/mexico-vs-czechia-prediction-picks-odds-wednesday-6-24-2026 | https://www.nbcsports.com/soccer/news/2026-world-cup-group-stage-table-full-standings-for-all-12-groups | https://www.concacaf.com/competitions/fifa-world-cup/news/mexico-meets-czechia-to-wrap-up-group-stage,,,,,,,,incorrect,False,neither,Mexico's attacking depth and the motivation of rotational players trying to impress the manager in a home tournament,The negative impact of squad rotation on Mexico's offensive output after already clinching the group,"If Mexico's secondary attackers had lacked chemistry, Czechia's defense might have held them to the low-scoring draw I anticipated.","yes, I would place less weight on group-clinching rotation as a dampener for highly motivated home teams with deep squads.",0.9,,50
m51,2026-06-24,C,Morocco,Haiti,4,2,team_a_win,0.78,0.15,0.07,team_a_win,100,"Morocco’s tactical discipline and dominant possession metrics—completing over 600 passes in their previous match against Scotland—present an insurmountable challenge for a defensively vulnerable, already-eliminated Haiti. Furthermore, with Morocco needing a decisive victory to potentially edge out Brazil on goal difference for the top spot in Group C, the Atlas Lions are highly incentivized to press relentlessly rather than rotate heavily. Consequently, deploying a maximum stake on a Moroccan win is the most analytically sound approach despite the heavily skewed odds.",https://thesportsrush.com/morocco-v-haiti-predictions/ | https://www.sportsmole.co.uk/football/morocco/world-cup-2026/preview/morocco-vs-haiti-prediction-team-news-lineups_599775.html | https://www.mlssoccer.com/competitions/fifa-world-cup/news/haiti-vs-morocco-how-to-watch-stream-world-cup-group-c-match,,,,,,,,correct,True,neither,Morocco's defensive vulnerability when overextending to maximize goal difference.,Morocco's structural defensive discipline holding Haiti's attack in check.,"If Morocco had prioritized defensive stability over aggressively chasing goals to surpass Brazil on goal difference, they likely would have conceded fewer goals while maintaining a narrower margin of victory.","No, because Morocco ultimately secured the outright victory as expected, justifying the maximum stake despite the unexpectedly high-scoring nature of the match.",0.95,,51
m52,2026-06-24,C,Scotland,Brazil,0,3,team_b_win,0.12,0.17,0.71,team_b_win,100,"Brazil's overwhelming technical superiority, bolstered by Vinicius Junior and the potential return of Neymar, gives them a massive edge over a Scotland side struggling for attacking creativity. Furthermore, the extreme 85-degree Miami heat will likely exhaust the Scottish squad, strongly favoring the South Americans' natural playing tempo. Given Brazil's motivation to secure the top spot in Group C, a full-stake bet on their victory offers the most reliable and analytically sound value.",https://sailgp.com/prediction-markets/trending/kalshi-promo-code-for-scotland-v-brazil-2026-world-cup | https://www.covers.com/world-cup/brazil-vs-scotland-prediction-picks-odds-wednesday-6-24-2026 | https://www.aninews.in/news/sports/football/fifa-world-cup-2026-neymar-set-for-brazil-return-against-scotland-says-head-coach-ancelotti20260620103217,,,,,,,,correct,True,neither,none,none,"If the match had been played in a cooler climate rather than the Miami heat, Scotland might have possessed more stamina to defend and keep the scoreline closer.","no, placing the maximum stake on Brazil was the optimal strategy given their clear superiority.",0.95,,52
m53,2026-06-24,B,Bosnia and Herzegovina,Qatar,3,1,team_a_win,0.69,0.18,0.13,team_a_win,100,"Bosnia and Herzegovina enter this crucial Group B finale as heavy favorites against a struggling Qatari side that just suffered a 6-0 defeat to Canada. Qatar's defense is severely compromised, a situation worsened by the suspensions of defender Homam Ahmed and midfielder Assim Madibo following recent red cards. With both teams needing a win to potentially advance as a top third-place finisher, Bosnia's superior overall quality and desperation make them the most logical pick.",https://news.sportsinteraction.com/soccer/fifa-world-cup/story/bosnia-and-herzegovina-vs-qatar-odds-prediction-062426-217195 | https://www.goal.com/en-ca/news/live-stream-online-tv-where-to-watch-bosnia-and-herzegovina-v-qatar/bltfdd7ba7aedd8bcb0,,,,,,,,correct,True,neither,I slightly underweighted Qatar's ability to score a goal despite their defensive crisis and previous heavy defeat.,none,"If Qatar had fielded their full-strength defense without suspensions, the goal margin might have been narrower, though the outright result likely would have remained the same.","no, betting the maximum stake on the clear favorite was the optimal decision given the disparity in team quality.",0.9,,53
m54,2026-06-24,B,Switzerland,Canada,2,1,team_a_win,0.28,0.44,0.28,draw,100,"Game theory strongly points to a tactical stalemate, as both teams enter the match on four points and require only a draw to mathematically guarantee progression from Group B. While Canada boasts significant momentum from a recent 6-0 thrashing of Qatar and enjoys the atmospheric advantage of BC Place, Switzerland’s disciplined structure will likely avoid overcommitting. The mutual incentive to minimize injury risk and efficiently secure knockout stage berths creates maximum value on the draw.",https://www.olympics.com/en/news/fifa-world-cup-2026-every-match-result-wednesday-24-june-live-scores | https://www.foxsports.com/stories/soccer/switzerland-vs-canada-how-to-watch-tv-channel-live-stream-2026-fifa-world-cup-group-b,,,,,,,,incorrect,False,neither,"Switzerland's superior individual quality in the final third, which allowed them to secure a win rather than settling for a point.",The game theory assumption that mutual progression incentives would strictly result in a tactical stalemate.,"If Canada's defense had held firm against Switzerland's attacking quality, the mutually beneficial draw would have materialized.","yes, I would place a smaller stake or avoid the draw bet altogether, realizing that competitive instinct often overrides mathematical game theory.",0.9,,54
m55,2026-06-25,E,Curaçao,Côte d'Ivoire,0,2,team_b_win,0.05,0.15,0.8,team_b_win,100,"Côte d'Ivoire boasts a vastly superior squad with players active in elite European leagues, making them overwhelming favorites against tournament debutants Curaçao. Furthermore, Curaçao's defensive fragilities were starkly exposed during an earlier 7-1 loss to Germany, suggesting they lack the tactical resilience to withstand a motivated Ivorian attack. Allocating the maximum stake on a Côte d'Ivoire victory represents the most logical value in this matchup.",https://www.skysports.com/football/news/17244/13556657/world-cup-2026-curacao-x-x-ivory-coast | https://www.foxsports.com/stories/soccer/how-watch-world-cup-today-schedule-times-tv-streaming-usa-germany-more,,,,,,,,correct,True,neither,none,"the severity of Curaçao's defensive fragility, as they conceded only two goals rather than suffering another massive blowout","If Curaçao had managed an impenetrable low block to force a scoreless first half, they might have frustrated Côte d'Ivoire into a draw.","no, the fundamental analysis of the talent disparity was accurate and maximizing the stake on the heavy favorite was the optimal decision.",0.95,,55
m56,2026-06-25,E,Ecuador,Germany,2,1,team_a_win,0.12,0.23,0.65,team_b_win,80,"Germany has dominated Group E, securing six points and scoring nine goals in two matches, while Ecuador has struggled offensively with only one point so far. Even with potential German squad rotation and Nico Schlotterbeck's absence, Ecuador's poor form—highlighted by a scoreless draw against Curacao—makes a German victory highly probable.",https://www.rotowire.com/soccer/article/ecuador-vs-germany-preview-predicted-lineups-team-news-tactical-analysis-2026-world-cup-group-e-119485 | https://www.fifa.com/en/match-centre/match/17/285023/289273/400021466,,,,,,,,incorrect,False,neither,The extreme negative impact of Germany's squad rotation and Ecuador's high motivation to secure a must-win result.,Germany's dominant offensive form in their previous two group stage matches.,"If Germany had fielded their primary starting lineup with full motivation, they likely would have controlled the match and avoided the upset.","yes, I would place a smaller stake or avoid betting entirely given the unpredictable nature of heavily rotated squads in final group games.",0.9,,56
m57,2026-06-25,F,Japan,Sweden,1,1,draw,0.48,0.28,0.24,team_a_win,75,"Japan enters the match in excellent form with a +4 goal differential, having held the Netherlands to a 2-2 draw and defeated Tunisia 4-0. Sweden's defense showed significant vulnerabilities in their recent 5-1 defeat to the Dutch, which Japan's disciplined attack is well-positioned to exploit. Backing a Japan victory provides strong value as they attempt to secure the top seed in Group F.",https://apnews.com/article/world-cup-schedule-results-news-447f8fc813a635f3520208141b0112eb | https://www.foxsports.com/stories/soccer/how-watch-2026-fifa-world-cup-full-schedule-dates-every-match,,,,,,,,incorrect,True,neither,"Sweden's ability to swiftly implement a rigid, risk-averse defensive low block to pragmatically overcorrect for their previous defensive collapse.","Japan's offensive momentum and high goal differential, which falsely signaled a guaranteed ability to break down highly organized, static defenses.","If Sweden had pressed high and played expansively rather than prioritizing strict defensive stability, Japan's transitional speed would have likely secured a victory.","yes, I would have utilized a Draw No Bet or significantly reduced the stake, factoring in the predictable tactical pragmatism of a strong team recovering from a blowout.",0.9,,57
m58,2026-06-25,F,Tunisia,Netherlands,1,3,team_b_win,0.04,0.08,0.88,team_b_win,100,"The Netherlands have been highly impressive in Group F, netting five goals against Sweden and seeking a high margin of victory to top the group on goal difference. Conversely, Tunisia is already mathematically eliminated after a disastrous campaign, having conceded nine goals across two hefty defeats. This vast disparity in form and motivation makes a commanding Dutch victory the most logical outcome.",https://www.si.com/soccer/tunisia-vs-netherlands-world-cup-preview-predictions-lineups-6-25-26 | https://www.fifa.com/en/match-centre/match/17/285023/289273/400021473,,,,,,,,correct,True,neither,Tunisia's capacity to find the back of the net for a consolation goal against a superior opponent.,The Netherlands' drive to run up an exorbitant scoreline for goal difference purposes.,"If the Netherlands had rotated their entire starting lineup to rest players for the knockouts, the match might have been closer, though a Dutch win remained the most probable outcome.","no, the maximum stake on the Netherlands to win was entirely justified by the significant gap in team quality and the final 3-1 result.",0.95,,58
m59,2026-06-25,D,Türkiye,USA,3,2,team_a_win,0.23,0.25,0.52,team_b_win,100,"The United States enters this match in stellar form on home soil, having dominated Group D with two consecutive wins and a combined 6-1 scoreline against Paraguay and Australia. Conversely, Türkiye has significantly underperformed, losing both of their opening matches without registering a single goal. While the USMNT has already secured advancement and may strategically rotate some starters, their significant depth, home-field advantage, and tactical momentum make them a confident value pick.",https://www.foxsports.com/stories/soccer/turkiye-vs-united-states-how-to-watch-tv-channel-live-stream-2026-fifa-world-cup-group-d | https://www.ussoccer.com/stories/2026/06/usmnt/match-preview-vs-turkiye-los-angeles-california-fifa-world-cup,,,,,,,,incorrect,False,unlucky,The severity of the drop-off in the USMNT's defensive cohesion due to rotating their starting lineup after already advancing.,The United States' previous group stage form and their perceived tactical momentum on home soil.,"If the USMNT had still needed a result to advance and played their optimal starting XI, they likely would have avoided defeat.","yes, I would have reduced the stake or passed on the bet entirely given the high unpredictability of a team resting players in a dead-rubber match.",0.9,,59
m60,2026-06-25,D,Paraguay,Australia,0,0,draw,0.25,0.45,0.3,draw,50,"Australia needs only a draw to secure second place in Group D and advance, incentivizing a conservative, defense-first setup. Meanwhile, Paraguay requires a win to leapfrog them but will severely lack attacking spark without their suspended key playmaker Miguel Almirón. This tactical dynamic heavily favors a low-scoring, cagey stalemate.",https://www.compare.bet/news/paraguay-vs-australia-betting-preview-predictions-tips-and-live-odds | https://onefootball.com/en/news/paraguay-vs-australia-mls-stars-battle-for-world-cup-knockout-spot-43043717,,,,,,,,correct,True,neither,none,none,"If Miguel Almirón had not been suspended, Paraguay might have possessed the attacking creativity needed to break the deadlock.","no, the pre-match logic of a cagey stalemate perfectly aligned with the actual 0-0 result.",0.95,,60
m61,2026-06-26,G,New Zealand,Belgium,1,5,team_b_win,0.08,0.17,0.75,team_b_win,100,"Despite an underwhelming group stage performance thus far, Belgium's squad possesses vastly superior depth and quality compared to the 85th-ranked New Zealand. Facing immense pressure to advance, a highly motivated Belgian side should overcome their offensive struggles to secure the necessary three points. The stark talent gap makes backing the Red Devils the most logical and secure choice.",https://thesportsrush.com/new-zealand-v-belgium-predictions/ | https://www.si.com/soccer/new-zealand-vs-belgium-world-cup-preview-predictions-lineups-6-26-26,,,,,,,,correct,True,neither,none,"Belgium's previous offensive struggles, which proved completely irrelevant given their five-goal explosion.","If New Zealand had implemented a more successful low block to frustrate Belgium early, the margin of victory might have been smaller.","no, maximizing the stake on a heavily favored team in a must-win scenario was completely validated by the dominant victory.",0.95,,61
m62,2026-06-26,G,Egypt,IR Iran,1,1,draw,0.45,0.3,0.25,team_a_win,50,"Egypt currently leads Group G with 4 points after an impressive victory over seeded Belgium, showcasing strong tactical execution. Iran has drawn both of their previous matches, demonstrating defensive resilience but struggling to secure decisive goals. Given Egypt's momentum and their motivation to clinch the top spot in the group, they hold a clear competitive advantage going into this fixture.",https://en.wikipedia.org/wiki/2026_FIFA_World_Cup_Group_G | https://www.aljazeera.com/sports/2026/6/24/world-cup-2026-full-group-schedule-and-top-third-round-matches-to-watch,,,,,,,,incorrect,True,neither,"The structural rigidity of Iran's defensive block, consistently achieving a tournament-specific tactical goal of drawing matches.",Egypt's psychological momentum and the assumption that their attacking intent would inevitably overcome a passive defense.,"If Egypt had converted early chances to break the low block, Iran's reactive tactical setup would have unraveled and changed the result.","yes, recognizing Iran's established baseline of securing consecutive draws makes betting on the draw the highest-value probabilistic play.",0.85,,62
m63,2026-06-26,H,Cabo Verde,Saudi Arabia,0,0,draw,0.45,0.3,0.25,team_a_win,50,"Cabo Verde has shown exceptional resilience in Group H of the 2026 World Cup, securing hard-fought draws against highly-ranked Spain (0-0) and Uruguay (2-2). Facing Saudi Arabia presents a much more balanced matchup where Cabo Verde's momentum and defensive solidity give them a distinct edge. A $50 stake on Cabo Verde to win offers strong value given their proven ability to perform on the global stage.",https://support.google.com/knowledgepanel/answer/9787176 | https://www.visithoustontexas.com/wc26/events/cabo-verde-vs-saudi-arabia/112916/,,,,,,,,incorrect,False,neither,The high probability of a stalemate when a defensive-minded team is forced to dictate play and break down a cautious opponent.,Cabo Verde's momentum and the belief that their resilience against top-tier teams would easily translate into a win against Saudi Arabia.,"If Cabo Verde had managed to score an early goal, it would have forced Saudi Arabia to open up and potentially changed the dynamic of the match.","yes, I would have picked the draw or chosen no_bet given both teams' lack of elite attacking firepower.",0.9,,63
m64,2026-06-26,H,Uruguay,Spain,0,1,team_b_win,0.28,0.31,0.41,team_b_win,50,"Spain currently tops Group H and only needs a draw to secure the top spot, allowing them to dictate the game's tempo with their possession-based style. Uruguay has only two points and must push for a win to guarantee their progression, which could leave them exposed to Spain's precise counter-attacks. Given Spain's tactical discipline and superior depth under Luis de la Fuente, they offer strong value to exploit Uruguay's desperation.",https://www.fifa.com/en/tournaments/mens/worldcup/canadamexicousa2026/articles/matchday-16-preview | https://www.aninews.in/news/sports/football/fifa-world-cup-2026-to-beat-uruguay-we-need-to-improve-says-spain-head-coach-luis-de-la-fuente-ahead-of-crucial-group-h-fixture20260626094803,,,,,,,,correct,True,neither,"Spain's exceptional defensive solidity, which completely neutralized Uruguay's desperate attacking efforts.","The likelihood of a draw, as I slightly overestimated Uruguay's ability to stay organized while chasing the game.","If Uruguay had managed to score an early goal, Spain's possession-based system would have been put under significantly more pressure.","no, the stake on Spain was a well-calculated risk that played out exactly according to the anticipated tactical script.",0.9,,64
m65,2026-06-26,I,Senegal,Iraq,5,0,team_a_win,0.78,0.15,0.07,team_a_win,100,"Senegal is heavily motivated to secure a large-margin victory to qualify for the knockouts, facing an already eliminated Iraq side struggling with injuries, including to key striker Aymen Hussein. Iraq's recent lack of offensive output, having failed to register a shot on target against France, leaves them highly vulnerable to a shift toward an aggressive 4-3-3 formation by the Lions of Teranga. Given these stark motivational and tactical disparities, a maximum stake on a Senegal victory represents the most statistically sound virtual bet.",https://www.covers.com/world-cup/senegal-vs-iraq-prediction-picks-odds-friday-6-26-2026 | https://www.beinsports.com/en-us/soccer/fifa-world-cup-2026/articles/how-and-where-to-watch-senegal-vs-iraq-in-group-i-of-the-2026-fifa-world-cup-2026-06-26,,,,,,,,correct,True,neither,none,none,"If Iraq had not already been eliminated and maintained a cohesive defensive shape, the final scoreline might have been less lopsided, but Senegal still would have won.","no, maximizing the stake on Senegal was the correct strategic decision given their overwhelming motivation and the resulting blowout.",0.95,,65
m66,2026-06-26,I,Norway,France,1,4,team_b_win,0.15,0.22,0.63,team_b_win,100,"France possesses exceptional squad depth, tactical versatility, and proven tournament pedigree on the world stage. While Norway features elite individual attackers like Erling Haaland, France's comprehensive midfield dominance and superior defensive organization make them clear favorites to secure three points.",https://www.fifa.com/en/tournaments/mens/worldcup/canadamexicousa2026 | https://www.foxsports.com/soccer/fifa-world-cup-men,,,,,,,,correct,True,neither,none,none,"If Norway had managed to score first and disrupt the tempo, the game might have been tighter, but France's overwhelming quality still would have prevailed.","no, placing the maximum stake on France was the correct strategy given their evident structural and tactical superiority.",0.95,,66
m67,2026-06-27,J,Algeria,Austria,3,3,draw,0.28,0.34,0.38,draw,50,"With both teams tied on three points in Group J, Austria only needs a draw to advance due to their superior goal difference, making a conservative, defensive strategy highly probable. Traditional sportsbooks reflect this cagey dynamic, pricing a draw as the most likely outcome at +125. Given Austria's structural solidity and their strategic incentive to simply avoid defeat, backing the draw provides the most logical betting value.",https://cryptobriefing.com/algeria-austria-world-cup-crypto-prediction-markets/ | https://thesportsrush.com/algeria-v-austria-predictions/ | https://www.directv.com/insider/algeria-vs-austria/,,,,,,,,correct,True,lucky,The offensive openness and defensive vulnerabilities of both teams that turned a predicted cagey affair into a 3-3 shootout.,"Austria's structural solidity and their presumed ability to enforce a low-scoring, conservative game.","If Austria had effectively parked the bus as anticipated, the match would likely have ended 0-0 or 1-1 rather than 3-3.","no, the strategic incentive for a draw ultimately held true to secure Austria's advancement, justifying the original bet.",0.95,,67
m68,2026-06-27,J,Jordan,Argentina,1,3,team_b_win,0.01,0.04,0.95,team_b_win,100,"Argentina's structural dominance and vast squad depth present an insurmountable tactical mismatch against a Jordanian side that has already conceded five goals and struggled to defend wide areas. Even with potential rotational changes from Lionel Scaloni, the reigning champions' ability to consistently exploit defensive gaps warrants maximum confidence. Allocating the full stake to Argentina minimizes variance in a highly lopsided encounter.",https://www.covers.com/world-cup/argentina-vs-jordan-prediction-picks-odds-saturday-6-27-2026 | https://onefootball.com/en/news/jordan-vs-argentina-prediction-world-cup-2026-preview-best-bets-43051157,,,,,,,,correct,True,neither,Jordan's ability to capitalize on a defensive lapse or counter-attack to secure a consolation goal.,none,"If Argentina had suffered an early red card, Jordan might have been able to leverage their scoring ability into a shocking draw.","no, allocating the maximum stake on such a highly probable outcome was the optimal betting strategy.",0.95,,68
m69,2026-06-27,K,Colombia,Portugal,0,0,draw,0.25,0.32,0.43,team_b_win,55,"Colombia has already secured knockout qualification with six points and faces a strong game-theory incentive to rotate their starting XI to mitigate injury and fatigue risks. Portugal carries high offensive momentum after a 5-0 demolition of Uzbekistan and holds the structural motivation advantage, as they strictly require a victory to usurp Colombia for the top seed in Group K.",https://en.as.com/soccer/world-cup/world-cup-2026-group-k-standings-results-and-who-can-qualify-f202606-n-2/ | https://timesofindia.indiatimes.com/sports/football/fifa-world-cup/portugals-fifa-world-cup-r32-qualification-scenario-explained-what-cristiano-ronaldos-team-needs-after-colombia-beat-dr-congo/articleshow/131963569.cms,,,,,,,,incorrect,True,neither,"The structural advantage of playing for a draw; Colombia's rotated squad likely prioritized a rigid defensive shape over possession, making Portugal's necessity to win a tactical handicap.","The predictive weight of Portugal's previous 5-0 victory, failing to account for the non-linear translation of offensive momentum against an opponent satisfied with a stalemate.","If Portugal had scored in the opening twenty minutes, Colombia would have been forced to abandon their defensive block, likely resulting in the Portuguese win I anticipated.","yes, I would have opted for 'no_bet' or backed the draw, recognizing that betting against a competent team actively playing for a 0-0 is mathematically disadvantageous.",0.85,,69
m70,2026-06-27,K,Congo DR,Uzbekistan,3,1,team_a_win,0.58,0.25,0.17,team_a_win,100,"DR Congo enters this must-win Group K finale with a resilient defense, having conceded just two goals against formidable opponents like Colombia and Portugal. In contrast, debutants Uzbekistan have struggled immensely to adapt, sitting on zero points with a -8 goal differential following back-to-back heavy defeats. Given DR Congo's pressing need for a victory to sustain their knockout stage hopes and Uzbekistan's proven vulnerabilities at the back, backing the African side provides the strongest tactical value.",https://www.squawka.com/ca/news/world-cup/match-preview-dr-congo-vs-uzbekistan-world-cup-2026/ | https://www.directv.com/insider/uzbekistan-vs-dr-congo/ | https://www.fifa.com/en/match-centre/match/17/285023/289273/400021500,,,,,,,,correct,True,neither,Uzbekistan's capability to breach the Congolese defense despite their overall poor tournament form.,The absolute defensive clean-sheet reliability of DR Congo under qualification pressure.,"If Uzbekistan had converted an early chance to take the lead, DR Congo's urgency might have exposed them to a much more volatile match dynamic.","no, because the fundamental gap in motivation and quality cleanly manifested in a decisive multi-goal victory for DR Congo.",0.95,,70
m71,2026-06-27,L,Croatia,Ghana,2,1,team_a_win,0.4,0.45,0.15,draw,100,"Ghana's disciplined low block under Carlos Queiroz has yielded consecutive clean sheets, and a draw practically guarantees their progression to the Round of 32. Croatia's aging squad has struggled creatively against compact defenses, and since an additional point will likely suffice for them to advance as well, a mutually beneficial stalemate is highly probable.",https://www.covers.com/world-cup/croatia-vs-ghana-prediction-picks-odds-saturday-6-27-2026 | https://www.si.com/soccer/croatia-vs-ghana-world-cup-preview-predictions-lineups-6-27-26 | https://www.fox29.com/news/croatia-vs-ghana-preview-final-group-match-brings-high-stakes-philadelphia,,,,,,,,incorrect,False,neither,Croatia's ability to break down a compact defense despite their aging squad.,The assumption that both teams would play passively for a mutually beneficial draw.,"If Ghana had maintained their defensive shape without conceding, the match likely would have ended in the predicted stalemate.","yes, I would have lowered my stake, acknowledging that a 40% win probability for Croatia was too high to justify a maximum $100 bet on the draw.",0.9,,71
m72,2026-06-27,L,Panama,England,0,2,team_b_win,0.06,0.11,0.83,team_b_win,100,"England is overwhelmingly favored against an already eliminated Panama squad that has failed to score in their two previous Group L matches. While Panama has shown defensive resilience by conceding only narrow margins, the absence of their central playmaker Adalberto Carrasquilla severely limits their ability to break lines and generate counter-attacks. With England highly motivated to solidify their top group position and boasting a massive depth advantage under Thomas Tuchel, an English victory is the most mathematically sound outcome.",https://www.concacaf.com/competitions/fifa-world-cup/news/panama-to-close-world-cup-campaign-against-england | https://www.fanduel.com/research/panama-vs-england-prediction-picks-lineups-preview-and-best-bets-for-world-cup-2026,,,,,,,,correct,True,neither,none,none,"If Panama had their primary playmaker Carrasquilla available, they might have generated more counter-attacking threats to challenge the clean sheet, though the overarching outcome would likely remain an England victory.","no, the fundamental mismatch in squad depth and motivation entirely justified the maximum stake on an England win.",0.95,,72
